{
  "model_type": "ELOPoissonDC",
  "avg_goals": 2.808752243885697,
  "rho": -0.10733107409097303,
  "elo": {
    "Afghanistan": 1033.0,
    "Albania": 1664.0,
    "Algeria": 1726.0,
    "Andorra": 1083.0,
    "Angola": 1566.0,
    "Anguilla": 646.0,
    "Antigua and Barbuda": 895.0,
    "Argentina": 2113.0,
    "Armenia": 1389.0,
    "Aruba": 949.0,
    "Australia": 1774.0,
    "Austria": 1818.0,
    "Azerbaijan": 1339.0,
    "Bahamas": 719.0,
    "Bahrain": 1417.0,
    "Bangladesh": 940.0,
    "Barbados": 921.0,
    "Belarus": 1496.0,
    "Belgium": 1849.0,
    "Belize": 1103.0,
    "Benin": 1436.0,
    "Bermuda": 1121.0,
    "Bhutan": 614.0,
    "Bolivia": 1675.0,
    "Bonaire": 822.0,
    "Bosnia and Herzegovina": 1571.0,
    "Botswana": 1319.0,
    "Brazil": 1979.0,
    "British Guiana": 1248.0,
    "British Virgin Islands": 693.0,
    "Brunei": 655.0,
    "Bulgaria": 1452.0,
    "Burkina Faso": 1547.0,
    "Burma": 1299.0,
    "Burundi": 1238.0,
    "Cambodia": 846.0,
    "Cameroon": 1559.0,
    "Canada": 1802.0,
    "Cape Verde": 1560.0,
    "Cayman Islands": 806.0,
    "Central African Republic": 1238.0,
    "Ceylon": 1022.0,
    "Chad": 1119.0,
    "Chagos Islands": 785.0,
    "Chile": 1731.0,
    "China": 1403.0,
    "Christmas Island": 578.0,
    "Cocos Islands": 422.0,
    "Colombia": 1998.0,
    "Comoros": 1359.0,
    "Congo": 1206.0,
    "Congo-Brazzaville": 1608.0,
    "Cook Islands": 622.0,
    "Costa Rica": 1633.0,
    "Croatia": 1933.0,
    "Cuba": 1230.0,
    "Cura\u00e7ao": 1467.0,
    "Cyprus": 1302.0,
    "Czech Republic": 1731.0,
    "Czechoslovakia": 1864.0,
    "DR Congo": 1616.0,
    "Dahomey": 1518.0,
    "Denmark": 1864.0,
    "Djibouti": 915.0,
    "Dominica": 940.0,
    "Dominican Republic": 1294.0,
    "East Germany": 1764.0,
    "East Timor": 682.0,
    "Eastern Samoa": 389.0,
    "Ecuador": 1933.0,
    "Egypt": 1591.0,
    "El Salvador": 1324.0,
    "England": 2042.0,
    "Equatorial Guinea": 1437.0,
    "Eritrea": 1141.0,
    "Estonia": 1359.0,
    "Eswatini": 1210.0,
    "Ethiopia": 1264.0,
    "Falkland Islands": 571.0,
    "Faroe Islands": 1380.0,
    "Federated States of Micronesia": 563.0,
    "Fiji": 1109.0,
    "Finland": 1509.0,
    "France": 2062.0,
    "French Guiana": 1221.0,
    "Gabon": 1467.0,
    "Gambia": 1424.0,
    "Georgia": 1650.0,
    "Germany": 1910.0,
    "Ghana": 1509.0,
    "Gibraltar": 1017.0,
    "Greece": 1761.0,
    "Greenland": 946.0,
    "Grenada": 1122.0,
    "Guadeloupe": 1338.0,
    "Guam": 714.0,
    "Guatemala": 1528.0,
    "Guinea": 1485.0,
    "Guinea-Bissau": 1244.0,
    "Guyana": 1275.0,
    "Haiti": 1542.0,
    "Honduras": 1567.0,
    "Hong Kong": 1136.0,
    "Hungary": 1698.0,
    "Iceland": 1566.0,
    "India": 1123.0,
    "Indonesia": 1341.0,
    "Iran": 1754.0,
    "Iraq": 1582.0,
    "Ireland": 1688.0,
    "Israel": 1631.0,
    "Italy": 1859.0,
    "Ivory Coast": 1607.0,
    "Jamaica": 1527.0,
    "Japan": 1878.0,
    "Jordan": 1687.0,
    "Kazakhstan": 1410.0,
    "Kenya": 1344.0,
    "Khmer Republic": 1249.0,
    "Kiribati": 544.0,
    "Kosovo": 1714.0,
    "Kurdistan": 1425.0,
    "Kuwait": 1330.0,
    "Kyrgyzstan": 1313.0,
    "Laos": 707.0,
    "Latvia": 1286.0,
    "Lebanon": 1332.0,
    "Lesotho": 1215.0,
    "Liberia": 1299.0,
    "Libya": 1424.0,
    "Liechtenstein": 900.0,
    "Lithuania": 1276.0,
    "Luxembourg": 1395.0,
    "Macao": 595.0,
    "Macedonia": 1517.0,
    "Madagascar": 1369.0,
    "Malawi": 1252.0,
    "Malaya": 1467.0,
    "Malaysia": 1314.0,
    "Maldives": 841.0,
    "Mali": 1612.0,
    "Malta": 1279.0,
    "Marshall Islands": 559.0,
    "Martinique": 1340.0,
    "Mauritania": 1310.0,
    "Mauritius": 1090.0,
    "Mayotte": 1216.0,
    "Mexico": 1835.0,
    "Moldova": 0.0,
    "Monaco": 903.0,
    "Mongolia": 730.0,
    "Montenegro": 1444.0,
    "Montserrat": 971.0,
    "Morocco": 1830.0,
    "Mozambique": 1389.0,
    "Myanmar": 944.0,
    "Namibia": 1311.0,
    "Nepal": 917.0,
    "Netherlands": 1959.0,
    "Netherlands Antilles": 1219.0,
    "New Caledonia": 1295.0,
    "New Zealand": 1586.0,
    "Nicaragua": 1328.0,
    "Niger": 1403.0,
    "Nigeria": 1627.0,
    "Niue": 496.0,
    "North Korea": 1376.0,
    "North Macedonia": 1592.0,
    "North Vietnam": 1252.0,
    "North Yemen": 920.0,
    "Northern Cyprus": 1456.0,
    "Northern Ireland": 1602.0,
    "Northern Mariana Islands": 432.0,
    "Northern Rhodesia": 1558.0,
    "Norway": 1922.0,
    "Oman": 1490.0,
    "Pakistan": 828.0,
    "Palau": 402.0,
    "Palestine": 1470.0,
    "Panama": 1742.0,
    "Papua New Guinea": 1136.0,
    "Paraguay": 1833.0,
    "Peru": 1698.0,
    "Philippines": 1155.0,
    "Poland": 1735.0,
    "Portugal": 1976.0,
    "Puerto Rico": 1134.0,
    "Qatar": 1427.0,
    "Reunion": 1345.0,
    "Romania": 1642.0,
    "Russia": 1782.0,
    "Rwanda": 1310.0,
    "Saba": 691.0,
    "Saint Barthelemy": 725.0,
    "Saint Kitts and Nevis": 1005.0,
    "Saint Lucia": 1008.0,
    "Saint Martin": 1004.0,
    "Saint Pierre and Miquelon": 677.0,
    "Saint Vincent and the Grenadines": 1174.0,
    "Samoa": 729.0,
    "San Marino": 833.0,
    "Sao Tome and Principe": 1055.0,
    "Saudi Arabia": 1612.0,
    "Scotland": 1790.0,
    "Senegal": 1803.0,
    "Serbia": 1769.0,
    "Serbia and Montenegro": 1801.0,
    "Seychelles": 841.0,
    "Sierra Leone": 1344.0,
    "Singapore": 1131.0,
    "Sint Eustatius": 737.0,
    "Sint Maarten": 957.0,
    "Slovakia": 1687.0,
    "Slovenia": 1695.0,
    "Solomon Islands": 1091.0,
    "Somalia": 961.0,
    "Somaliland": 1002.0,
    "South Africa": 1531.0,
    "South Korea": 1784.0,
    "South Sudan": 1133.0,
    "South Vietnam": 1252.0,
    "South Yemen": 1253.0,
    "Southern Rhodesia": 1528.0,
    "Soviet Union": 1899.0,
    "Spain": 2171.0,
    "Sri Lanka": 780.0,
    "Sudan": 1352.0,
    "Surinam": 1567.0,
    "Suriname": 1441.0,
    "Swaziland": 1286.0,
    "Sweden": 1660.0,
    "Switzerland": 1897.0,
    "Syria": 1486.0,
    "Tahiti": 1178.0,
    "Taiwan": 866.0,
    "Tajikistan": 1297.0,
    "Tanganyika": 1251.0,
    "Tanzania": 1325.0,
    "Thailand": 1367.0,
    "Tibet": 628.0,
    "Togo": 1340.0,
    "Tonga": 520.0,
    "Trinidad and Tobago": 1402.0,
    "Tunisia": 1641.0,
    "Turkey": 1880.0,
    "Turkmenistan": 1217.0,
    "Turks and Caicos Islands": 657.0,
    "Tuvalu": 757.0,
    "US Virgin Islands": 617.0,
    "Uganda": 1433.0,
    "Ukraine": 1802.0,
    "United Arab Emirates": 1549.0,
    "United Arab Republic": 1689.0,
    "United States": 1747.0,
    "Upper Volta": 1311.0,
    "Uruguay": 1890.0,
    "Uzbekistan": 1735.0,
    "Vanuatu": 1114.0,
    "Vatican": 692.0,
    "Venezuela": 1715.0,
    "Vietnam": 1329.0,
    "Wales": 1715.0,
    "Wallis and Futuna": 701.0,
    "West Germany": 2144.0,
    "Western Sahara": 996.0,
    "Yemen": 1150.0,
    "Yugoslavia": 1819.0,
    "Zambia": 1364.0,
    "Zanzibar": 1319.0,
    "Zimbabwe": 1352.0
  }
}